Workbook

Sheet Список
C1: АППЗ
A2: # | B2: Група | C2: Прізвище | D2: Ім'я | E2: По батькові | F2: Почта | G2: Телефони | H2: Контракт | I2: Кампус | J2: Країна
A3: 1 | B3: КН-221а | C3: БАБІЧЄВ | D3: Олексій | E3: Вікторович | F3: babichevalex0405@gmail.com | G3: +380(98)-316-54-19; +380(67)-293-13-71; | H3: Ні | I3: Ні | J3: Україна
A4: 2 | B4: КН-221а | C4: ВОЛКОВ | D4: Дмитро | E4: Олександрович | F4: dmytro.o.volkov@cs.khpi.edu.ua | G4: +380(98)-316-54-19; | H4: Ні | I4: Ні | J4: Україна
A5: 3 | B5: КН-221а | C5: ГЄЄНКО | D5: Анна | E5: Олексіївна | F5: annakoteika18072005@gmail.com | G5: +380(95)-306-20-71; +380(50)-258-18-65; | H5: Ні | I5: Ні | J5: Україна
A6: 4 | B6: КН-221а | C6: ГОЛОПЬОРОВ | D6: Микита | E6: Сергійович | F6: mykyta.holoporov@cs.khpi.edu.ua | G6: +380(98)-316-54-19; | H6: Ні | I6: Ні | J6: Україна
A7: 5 | B7: КН-221а | C7: ГРИЦЕНКО | D7: Максим | E7: Георгійович | F7: maksym.hrytsenko@cs.khpi.edu.ua | G7: +380(98)-316-54-19; | H7: Ні | I7: Ні | J7: Україна
A8: 6 | B8: КН-221а | C8: ЖАРИЙ | D8: Вадим | E8: Віталійович | F8: vadym.zharyi@cs.khpi.edu.ua | G8: +380(72)-528-32-08; | H8: Ні | I8: Ні | J8: Україна
A9: 1 | B9: КН-221в | C9: ЖУПАНОВ | D9: Андрій | E9: Володимирович | F9: andrii.zhupanov@cs.khpi.edu.ua | G9: +380(98)-316-54-19; | H9: Ні | I9: Ні | J9: Україна
A10: 2 | B10: КН-221в | C10: ПЕТРЕНКО | D10: Олег | E10: Ігорович | F10: oleg.petrenko@cs.khpi.edu.ua | G10: +380(63)-123-45-67; | H10: Ні | I10: Ні | J10: Україна
A11: 3 | B11: КН-221в | C11: ІВАНОВ | D11: Сергій | E11: Миколайович | F11: serhii.ivanov@cs.khpi.edu.ua | G11: +380(93)-123-45-67; | H11: Ні | I11: Ні | J11: Україна
A12: 4 | B12: КН-221в | C12: КУЗЬМЕНКО | D12: Юлія | E12: Олександрівна | F12: yuliia.kuzmenko@cs.khpi.edu.ua | G12: +380(98)-316-54-19; | H12: Ні | I12: Ні | J12: Україна
A13: 5 | B13: КН-221в | C13: СИДОРЕНКО | D13: Денис | E13: Вікторович | F13: denys.sydorenko@cs.khpi.edu.ua | G13: +380(98)-316-54-19; | H13: Ні | I13: Ні | J13: Україна
A14: 1 | B14: КН-222а | C14: СИДОРЕНКО | D14: Денис | E14: Вікторович | F14: denys.sydorenko@cs.khpi.edu.ua | G14: +380(98)-316-54-19; | H14: Ні | I14: Ні | J14: Україна
A15: 2 | B15: КН-222а | C15: СИДОРЕНКО | D15: Денис | E15: Вікторович | F15: denys.sydorenko@cs.khpi.edu.ua | G15: +380(98)-316-54-19; | H15: Ні | I15: Ні | J15: Україна

Sheet Лекції
C1: =Список!C1 | D1: Номер тижня | E1: 1 | F1: 1 | G1: 2 | H1: 3 | I1: 4 | J1: 5 | K1: 6 | L1: 6 | M1: 7 | N1: 8 | O1: 9 | P1: 10 | Q1: 11 | R1: 11 | S1: 12 | T1: 13
D2: Номер заняття | E2: 1 | F2: 2 | G2: 3 | H2: 4 | I2: 5 | J2: 6 | K2: 7 | L2: 8 | M2: 9 | N2: 10 | O2: 11 | P2: 12 | Q2: 13 | R2: 14 | S2: 15 | T2: 16
A3: =Список!A2 | B3: =Список!B2 | C3: Прізвище І.П. | D3: =Список!I2 | E3: 45537 | F3: 45542 | G3: 45544 | H3: 45551 | I3: 45558 | J3: 45565 | K3: 45572 | L3: 45577 | M3: 45579 | N3: 45586 | O3: 45593 | P3: 45600 | Q3: 45607 | R3: 45612 | S3: 45614 | T3: 45621 | U3: Всього
A4: =Список!A3 | B4: =Список!B3 | C4: =Список!C3&" "&LEFT(Список!D3,1)&"."&LEFT(Список!E3,1)&"." | D4: =Список!I3 | U4: =SUM(E4:T4) -> 0
A5: =Список!A4 | B5: =Список!B4 | C5: =Список!C4&" "&LEFT(Список!D4,1)&"."&LEFT(Список!E4,1)&"." | D5: =Список!I4 | U5: =SUM(E5:T5) -> 0
A6: =Список!A5 | B6: =Список!B5 | C6: =Список!C5&" "&LEFT(Список!D5,1)&"."&LEFT(Список!E5,1)&"." | D6: =Список!I5 | U6: =SUM(E6:T6) -> 0
A7: =Список!A6 | B7: =Список!B6 | C7: =Список!C6&" "&LEFT(Список!D6,1)&"."&LEFT(Список!E6,1)&"." | D7: =Список!I6 | U7: =SUM(E7:T7) -> 0
A8: =Список!A7 | B8: =Список!B7 | C8: =Список!C7&" "&LEFT(Список!D7,1)&"."&LEFT(Список!E7,1)&"." | D8: =Список!I7 | U8: =SUM(E8:T8) -> 0
A9: =Список!A8 | B9: =Список!B8 | C9: =Список!C8&" "&LEFT(Список!D8,1)&"."&LEFT(Список!E8,1)&"." | D9: =Список!I8 | U9: =SUM(E9:T9) -> 0
A10: =Список!A9 | B10: =Список!B9 | C10: =Список!C9&" "&LEFT(Список!D9,1)&"."&LEFT(Список!E9,1)&"." | D10: =Список!I9 | U10: =SUM(E10:T10) -> 0
A11: =Список!A10 | B11: =Список!B10 | C11: =Список!C10&" "&LEFT(Список!D10,1)&"."&LEFT(Список!E10,1)&"." | D11: =Список!I10 | U11: =SUM(E11:T11) -> 0
A12: =Список!A11 | B12: =Список!B11 | C12: =Список!C11&" "&LEFT(Список!D11,1)&"."&LEFT(Список!E11,1)&"." | D12: =Список!I11 | U12: =SUM(E12:T12) -> 0
A13: =Список!A12 | B13: =Список!B12 | C13: =Список!C12&" "&LEFT(Список!D12,1)&"."&LEFT(Список!E12,1)&"." | D13: =Список!I12 | U13: =SUM(E13:T13) -> 0
A14: =Список!A13 | B14: =Список!B13 | C14: =Список!C13&" "&LEFT(Список!D13,1)&"."&LEFT(Список!E13,1)&"." | D14: =Список!I13 | U14: =SUM(E14:T14) -> 0
A15: =Список!A14 | B15: =Список!B14 | C15: =Список!C14&" "&LEFT(Список!D14,1)&"."&LEFT(Список!E14,1)&"." | D15: =Список!I14 | U15: =SUM(E15:T15) -> 0
A16: =Список!A15 | B16: =Список!B15 | C16: =Список!C15&" "&LEFT(Список!D15,1)&"."&LEFT(Список!E15,1)&"." | D16: =Список!I15 | U16: =SUM(E16:T16) -> 0

Sheet ЛР КН-221а КН-221в 
C1: =Список!C1 | D1: Номер тижня | E1: 1 | F1: 2 | G1: 3 | H1: 3 | I1: 4 | J1: 5 | K1: 6 | L1: 7 | M1: 8 | N1: 8 | O1: 9 | P1: 10 | Q1: 11 | R1: 12 | S1: 13 | T1: 13
D2: Номер заняття | E2: 1 | F2: 2 | G2: 3 | H2: 4 | I2: 5 | J2: 6 | K2: 7 | L2: 8 | M2: 9 | N2: 10 | O2: 11 | P2: 12 | Q2: 13 | R2: 14 | S2: 15 | T2: 16
A3: =Список!A2 | B3: =Список!B2 | C3: Прізвище І.П. | D3: =Список!I2 | E3: 45539 | F3: 45546 | G3: 45553 | H3: 45556 | I3: 45560 | J3: 45567 | K3: 45574 | L3: 45581 | M3: 45588 | N3: 45591 | O3: 45595 | P3: 45602 | Q3: 45609 | R3: 45616 | S3: 45623 | T3: 45626 | U3: Всього
A4: =Список!A3 | B4: =Список!B3 | C4: =Список!C3&" "&LEFT(Список!D3,1)&"."&LEFT(Список!E3,1)&"." | D4: =Список!I3 | U4: =SUM(E4:T4) -> 0
A5: =Список!A4 | B5: =Список!B4 | C5: =Список!C4&" "&LEFT(Список!D4,1)&"."&LEFT(Список!E4,1)&"." | D5: =Список!I4 | U5: =SUM(E5:T5) -> 0
A6: =Список!A5 | B6: =Список!B5 | C6: =Список!C5&" "&LEFT(Список!D5,1)&"."&LEFT(Список!E5,1)&"." | D6: =Список!I5 | U6: =SUM(E6:T6) -> 0
A7: =Список!A6 | B7: =Список!B6 | C7: =Список!C6&" "&LEFT(Список!D6,1)&"."&LEFT(Список!E6,1)&"." | D7: =Список!I6 | U7: =SUM(E7:T7) -> 0
A8: =Список!A7 | B8: =Список!B7 | C8: =Список!C7&" "&LEFT(Список!D7,1)&"."&LEFT(Список!E7,1)&"." | D8: =Список!I7 | U8: =SUM(E8:T8) -> 0
A9: =Список!A8 | B9: =Список!B8 | C9: =Список!C8&" "&LEFT(Список!D8,1)&"."&LEFT(Список!E8,1)&"." | D9: =Список!I8 | U9: =SUM(E9:T9) -> 0
A10: =Список!A9 | B10: =Список!B9 | C10: =Список!C9&" "&LEFT(Список!D9,1)&"."&LEFT(Список!E9,1)&"." | D10: =Список!I9 | U10: =SUM(E10:T10) -> 0
A11: =Список!A10 | B11: =Список!B10 | C11: =Список!C10&" "&LEFT(Список!D10,1)&"."&LEFT(Список!E10,1)&"." | D11: =Список!I10 | U11: =SUM(E11:T11) -> 0
A12: =Список!A11 | B12: =Список!B11 | C12: =Список!C11&" "&LEFT(Список!D11,1)&"."&LEFT(Список!E11,1)&"." | D12: =Список!I11 | U12: =SUM(E12:T12) -> 0
A13: =Список!A12 | B13: =Список!B12 | C13: =Список!C12&" "&LEFT(Список!D12,1)&"."&LEFT(Список!E12,1)&"." | D13: =Список!I12 | U13: =SUM(E13:T13) -> 0
A14: =Список!A13 | B14: =Список!B13 | C14: =Список!C13&" "&LEFT(Список!D13,1)&"."&LEFT(Список!E13,1)&"." | D14: =Список!I13 | U14: =SUM(E14:T14) -> 0

Sheet ЛР КН-222а 
C1: =Список!C1 | D1: Номер тижня | E1: 1 | F1: 2 | G1: 3 | H1: 4 | I1: 4 | J1: 5 | K1: 6 | L1: 7 | M1: 8 | N1: 9 | O1: 9 | P1: 10 | Q1: 11 | R1: 12 | S1: 13 | T1: 14
D2: Номер заняття | E2: 1 | F2: 2 | G2: 3 | H2: 4 | I2: 5 | J2: 6 | K2: 7 | L2: 8 | M2: 9 | N2: 10 | O2: 11 | P2: 12 | Q2: 13 | R2: 14 | S2: 15 | T2: 16
A3: =Список!A2 | B3: =Список!B2 | C3: Прізвище І.П. | D3: =Список!I2 | E3: 45540 | F3: 45547 | G3: 45554 | H3: 45561 | I3: 45563 | J3: 45568 | K3: 45575 | L3: 45582 | M3: 45589 | N3: 45596 | O3: 45598 | P3: 45603 | Q3: 45610 | R3: 45617 | S3: 45624 | T3: 45628 | U3: Всього
A4: =Список!A14 | B4: =Список!B14 | C4: =Список!C14&" "&LEFT(Список!D14,1)&"."&LEFT(Список!E14,1)&"." | D4: =Список!I14 | U4: =SUM(E4:T4) -> 0
A5: =Список!A15 | B5: =Список!B15 | C5: =Список!C15&" "&LEFT(Список!D15,1)&"."&LEFT(Список!E15,1)&"." | D5: =Список!I15 | U5: =SUM(E5:T5) -> 0

Sheet Лабораторні
C1: =Список!C1 | E1: ЛР1 | L1: ЛР2 | O1: ЛР3 | R1: ЛР4
A2: =Список!A2 | B2: =Список!B2 | C2: Прізвище І.П. | D2: =Список!I2 | E2: Оцінка | F2: Виконана | G2: Захист | H2: 1 | I2: 2 | J2: 3 | K2: 4 | L2: Оцінка | M2: Виконана | N2: Захист | O2: Оцінка | P2: Виконана | Q2: Захист | R2: Оцінка | S2: Виконана | T2: Захист | U2: 1
A3: =Список!A3 | B3: =Список!B3 | C3: =Список!C3&" "&LEFT(Список!D3,1)&"."&LEFT(Список!E3,1)&"." | D3: =Список!I3
A4: =Список!A4 | B4: =Список!B4 | C4: =Список!C4&" "&LEFT(Список!D4,1)&"."&LEFT(Список!E4,1)&"." | D4: =Список!I4
A5: =Список!A5 | B5: =Список!B5 | C5: =Список!C5&" "&LEFT(Список!D5,1)&"."&LEFT(Список!E5,1)&"." | D5: =Список!I5
A6: =Список!A6 | B6: =Список!B6 | C6: =Список!C6&" "&LEFT(Список!D6,1)&"."&LEFT(Список!E6,1)&"." | D6: =Список!I6
A7: =Список!A7 | B7: =Список!B7 | C7: =Список!C7&" "&LEFT(Список!D7,1)&"."&LEFT(Список!E7,1)&"." | D7: =Список!I7
A8: =Список!A8 | B8: =Список!B8 | C8: =Список!C8&" "&LEFT(Список!D8,1)&"."&LEFT(Список!E8,1)&"." | D8: =Список!I8
A9: =Список!A9 | B9: =Список!B9 | C9: =Список!C9&" "&LEFT(Список!D9,1)&"."&LEFT(Список!E9,1)&"." | D9: =Список!I9
A10: =Список!A10 | B10: =Список!B10 | C10: =Список!C10&" "&LEFT(Список!D10,1)&"."&LEFT(Список!E10,1)&"." | D10: =Список!I10
A11: =Список!A11 | B11: =Список!B11 | C11: =Список!C11&" "&LEFT(Список!D11,1)&"."&LEFT(Список!E11,1)&"." | D11: =Список!I11
A12: =Список!A12 | B12: =Список!B12 | C12: =Список!C12&" "&LEFT(Список!D12,1)&"."&LEFT(Список!E12,1)&"." | D12: =Список!I12
A13: =Список!A13 | B13: =Список!B13 | C13: =Список!C13&" "&LEFT(Список!D13,1)&"."&LEFT(Список!E13,1)&"." | D13: =Список!I13
A14: =Список!A14 | B14: =Список!B14 | C14: =Список!C14&" "&LEFT(Список!D14,1)&"."&LEFT(Список!E14,1)&"." | D14: =Список!I14
A15: =Список!A15 | B15: =Список!B15 | C15: =Список!C15&" "&LEFT(Список!D15,1)&"."&LEFT(Список!E15,1)&"." | D15: =Список!I15

Sheet Дати занять
A1: ЛР КН-221а КН-221в | E1: Викладач
A2: Тиждень | B2: Заняття | C2: Дата | E2: Групи | F2: ФІО | G2: Науковий ступінь | H2: Посада | I2: Пошта
A3: 1 | B3: 1 | C3: 45539 | E3: КН-221а КН-221в | F3: Мельник Олександр Ігорович | G3: ктн | H3: доцент | I3: email@khpi.edu.ua
A4: 2 | B4: 2 | C4: 45546 | E4: КН-222а | F4: Мельник Олександр Ігорович | G4: ктн | H4: доцент | I4: email@khpi.edu.ua
A5: 3 | B5: 3 | C5: 45553
A6: 3 | B6: 4 | C6: 45556
A7: 4 | B7: 5 | C7: 45560
A8: 5 | B8: 6 | C8: 45567
A9: 6 | B9: 7 | C9: 45574
A10: 7 | B10: 8 | C10: 45581
A11: 8 | B11: 9 | C11: 45588
A12: 8 | B12: 10 | C12: 45591
A13: 9 | B13: 11 | C13: 45595
A14: 10 | B14: 12 | C14: 45602
A15: 11 | B15: 13 | C15: 45609
A16: 12 | B16: 14 | C16: 45616
... A18: 13 | B18: 16 | C18: 45626
A19: ЛР КН-222а
A20: Тиждень | B20: Заняття | C20: Дата
A21: 1 | B21: 1 | C21: 45540
A22: 2 | B22: 2 | C22: 45547
A23: 3 | B23: 3 | C23: 45554
A24: 4 | B24: 4 | C24: 45561
A25: 4 | B25: 5 | C25: 45563
A26: 5 | B26: 6 | C26: 45568
A27: 6 | B27: 7 | C27: 45575
A28: 7 | B28: 8 | C28: 45582
A29: 8 | B29: 9 | C29: 45589
A30: 9 | B30: 10 | C30: 45596
A31: 9 | B31: 11 | C31: 45598
A32: 10 | B32: 12 | C32: 45603
... A36: 14 | B36: 16 | C36: 45628

Sheet Підсумки
C1: =Список!C1 | E1: ТЕОРІЯ | F1: Лекції | G1: ІЗ СРС | H1: ПРАКТИКА | I1: ЛР1 | J1: ЛР2 | K1: ЛР3 | L1: ЛР4 | M1: ЗА СЕМЕСТР (+ 20) | N1: Бонуси | O1: Екзамен/Залік | P1: Підсумок | Q1: ОЦІНКА
A2: =Список!A2 | B2: =Список!B2 | C2: Прізвище І.П. | D2: =Список!I2 | E2: 25 | F2: 15 | G2: 10 | H2: 26 | I2: 5 | J2: 7 | K2: 7 | L2: 7 | M2: 51 | O2: 30 | P2: 100 | Q2: 5A
A3: =Список!A3 | B3: =Список!B3 | C3: =Список!C3&" "&LEFT(Список!D3,1)&"."&LEFT(Список!E3,1)&"." | D3: =Список!I3 | E3: =IF(SUM(F3:G3)>=25,SUM(F3:G3)+10,SUM(F3:G3)) -> 0 | F3: =IF(Лекції!U4>0, (Лекції!U4/17) *15, "") | G3: =IF(Лекції!U5>0, (Лекції!U5/17) *15, "") | H3: =IF(SUM(I3:L3)>=26,SUM(I3:L3)+10,SUM(I3:L3)) -> 0 | I3: =IF(Лабораторні!E3>0, ROUNDUP(I2*REPLACE(Лабораторні!E3, FIND(".",Лабораторні!E3),1,","), 0),"") | J3: =IF(Лабораторні!L3>0, ROUNDUP(J2*REPLACE(Лабораторні!L3, FIND(".",Лабораторні!L3),1,","), 0),"") | K3: =IF(Лабораторні!O3>0, ROUNDUP(K2*REPLACE(Лабораторні!O3, FIND(".",Лабораторні!O3),1,","), 0),"") | L3: =IF(Лабораторні!R3>0, ROUNDUP(L2*REPLACE(Лабораторні!R3, FIND(".",Лабораторні!R3),1,","), 0),"") | M3: =E3+H3 | P3: =O3+N3+M3 -> 0 | Q3: =IFERROR(CHOOSE(MATCH(P3,{60,64,75,82,90},1),"3E","3D","4C","4B","5A"),"")
A4: =Список!A4 | B4: =Список!B4 | C4: =Список!C4&" "&LEFT(Список!D4,1)&"."&LEFT(Список!E4,1)&"." | D4: =Список!I4 | E4: =IF(SUM(F4:G4)>=25,SUM(F4:G4)+10,SUM(F4:G4)) -> 0 | F4: =IF(Лекції!U6>0, (Лекції!U6/17) *15, "") | G4: =IF(Лекції!U7>0, (Лекції!U7/17) *15, "") | H4: =IF(SUM(I4:L4)>=26,SUM(I4:L4)+10,SUM(I4:L4)) -> 0 | I4: =IF(Лабораторні!E4>0, ROUNDUP(I2*REPLACE(Лабораторні!E4, FIND(".",Лабораторні!E4),1,","), 0),"") | J4: =IF(Лабораторні!L4>0, ROUNDUP(J2*REPLACE(Лабораторні!L4, FIND(".",Лабораторні!L4),1,","), 0),"") | K4: =IF(Лабораторні!O4>0, ROUNDUP(K2*REPLACE(Лабораторні!O4, FIND(".",Лабораторні!O4),1,","), 0),"") | L4: =IF(Лабораторні!R4>0, ROUNDUP(L2*REPLACE(Лабораторні!R4, FIND(".",Лабораторні!R4),1,","), 0),"") | M4: =E4+H4 | P4: =O4+N4+M4 -> 0 | Q4: =IFERROR(CHOOSE(MATCH(P4,{60,64,75,82,90},1),"3E","3D","4C","4B","5A"),"")
A5: =Список!A5 | B5: =Список!B5 | C5: =Список!C5&" "&LEFT(Список!D5,1)&"."&LEFT(Список!E5,1)&"." | D5: =Список!I5 | E5: =IF(SUM(F5:G5)>=25,SUM(F5:G5)+10,SUM(F5:G5)) -> 0 | F5: =IF(Лекції!U8>0, (Лекції!U8/17) *15, "") | G5: =IF(Лекції!U9>0, (Лекції!U9/17) *15, "") | H5: =IF(SUM(I5:L5)>=26,SUM(I5:L5)+10,SUM(I5:L5)) -> 0 | I5: =IF(Лабораторні!E5>0, ROUNDUP(I2*REPLACE(Лабораторні!E5, FIND(".",Лабораторні!E5),1,","), 0),"") | J5: =IF(Лабораторні!L5>0, ROUNDUP(J2*REPLACE(Лабораторні!L5, FIND(".",Лабораторні!L5),1,","), 0),"") | K5: =IF(Лабораторні!O5>0, ROUNDUP(K2*REPLACE(Лабораторні!O5, FIND(".",Лабораторні!O5),1,","), 0),"") | L5: =IF(Лабораторні!R5>0, ROUNDUP(L2*REPLACE(Лабораторні!R5, FIND(".",Лабораторні!R5),1,","), 0),"") | M5: =E5+H5 | P5: =O5+N5+M5 -> 0 | Q5: =IFERROR(CHOOSE(MATCH(P5,{60,64,75,82,90},1),"3E","3D","4C","4B","5A"),"")
A6: =Список!A6 | B6: =Список!B6 | C6: =Список!C6&" "&LEFT(Список!D6,1)&"."&LEFT(Список!E6,1)&"." | D6: =Список!I6 | E6: =IF(SUM(F6:G6)>=25,SUM(F6:G6)+10,SUM(F6:G6)) -> 0 | F6: =IF(Лекції!U10>0, (Лекції!U10/17) *15, "") | G6: =IF(Лекції!U11>0, (Лекції!U11/17) *15, "") | H6: =IF(SUM(I6:L6)>=26,SUM(I6:L6)+10,SUM(I6:L6)) -> 0 | I6: =IF(Лабораторні!E6>0, ROUNDUP(I2*REPLACE(Лабораторні!E6, FIND(".",Лабораторні!E6),1,","), 0),"") | J6: =IF(Лабораторні!L6>0, ROUNDUP(J2*REPLACE(Лабораторні!L6, FIND(".",Лабораторні!L6),1,","), 0),"") | K6: =IF(Лабораторні!O6>0, ROUNDUP(K2*REPLACE(Лабораторні!O6, FIND(".",Лабораторні!O6),1,","), 0),"") | L6: =IF(Лабораторні!R6>0, ROUNDUP(L2*REPLACE(Лабораторні!R6, FIND(".",Лабораторні!R6),1,","), 0),"") | M6: =E6+H6 | P6: =O6+N6+M6 -> 0 | Q6: =IFERROR(CHOOSE(MATCH(P6,{60,64,75,82,90},1),"3E","3D","4C","4B","5A"),"")
A7: =Список!A7 | B7: =Список!B7 | C7: =Список!C7&" "&LEFT(Список!D7,1)&"."&LEFT(Список!E7,1)&"." | D7: =Список!I7 | E7: =IF(SUM(F7:G7)>=25,SUM(F7:G7)+10,SUM(F7:G7)) -> 0 | F7: =IF(Лекції!U12>0, (Лекції!U12/17) *15, "") | G7: =IF(Лекції!U13>0, (Лекції!U13/17) *15, "") | H7: =IF(SUM(I7:L7)>=26,SUM(I7:L7)+10,SUM(I7:L7)) -> 0 | I7: =IF(Лабораторні!E7>0, ROUNDUP(I2*REPLACE(Лабораторні!E7, FIND(".",Лабораторні!E7),1,","), 0),"") | J7: =IF(Лабораторні!L7>0, ROUNDUP(J2*REPLACE(Лабораторні!L7, FIND(".",Лабораторні!L7),1,","), 0),"") | K7: =IF(Лабораторні!O7>0, ROUNDUP(K2*REPLACE(Лабораторні!O7, FIND(".",Лабораторні!O7),1,","), 0),"") | L7: =IF(Лабораторні!R7>0, ROUNDUP(L2*REPLACE(Лабораторні!R7, FIND(".",Лабораторні!R7),1,","), 0),"") | M7: =E7+H7 | P7: =O7+N7+M7 -> 0 | Q7: =IFERROR(CHOOSE(MATCH(P7,{60,64,75,82,90},1),"3E","3D","4C","4B","5A"),"")
A8: =Список!A8 | B8: =Список!B8 | C8: =Список!C8&" "&LEFT(Список!D8,1)&"."&LEFT(Список!E8,1)&"." | D8: =Список!I8 | E8: =IF(SUM(F8:G8)>=25,SUM(F8:G8)+10,SUM(F8:G8)) -> 0 | F8: =IF(Лекції!U14>0, (Лекції!U14/17) *15, "") | G8: =IF(Лекції!U15>0, (Лекції!U15/17) *15, "") | H8: =IF(SUM(I8:L8)>=26,SUM(I8:L8)+10,SUM(I8:L8)) -> 0 | I8: =IF(Лабораторні!E8>0, ROUNDUP(I2*REPLACE(Лабораторні!E8, FIND(".",Лабораторні!E8),1,","), 0),"") | J8: =IF(Лабораторні!L8>0, ROUNDUP(J2*REPLACE(Лабораторні!L8, FIND(".",Лабораторні!L8),1,","), 0),"") | K8: =IF(Лабораторні!O8>0, ROUNDUP(K2*REPLACE(Лабораторні!O8, FIND(".",Лабораторні!O8),1,","), 0),"") | L8: =IF(Лабораторні!R8>0, ROUNDUP(L2*REPLACE(Лабораторні!R8, FIND(".",Лабораторні!R8),1,","), 0),"") | M8: =E8+H8 | P8: =O8+N8+M8 -> 0 | Q8: =IFERROR(CHOOSE(MATCH(P8,{60,64,75,82,90},1),"3E","3D","4C","4B","5A"),"")
A9: =Список!A9 | B9: =Список!B9 | C9: =Список!C9&" "&LEFT(Список!D9,1)&"."&LEFT(Список!E9,1)&"." | D9: =Список!I9 | E9: =IF(SUM(F9:G9)>=25,SUM(F9:G9)+10,SUM(F9:G9)) -> 0 | F9: =IF(Лекції!U16>0, (Лекції!U16/17) *15, "") | G9: =IF(Лекції!U17>0, (Лекції!U17/17) *15, "") | H9: =IF(SUM(I9:L9)>=26,SUM(I9:L9)+10,SUM(I9:L9)) -> 0 | I9: =IF(Лабораторні!E9>0, ROUNDUP(I2*REPLACE(Лабораторні!E9, FIND(".",Лабораторні!E9),1,","), 0),"") | J9: =IF(Лабораторні!L9>0, ROUNDUP(J2*REPLACE(Лабораторні!L9, FIND(".",Лабораторні!L9),1,","), 0),"") | K9: =IF(Лабораторні!O9>0, ROUNDUP(K2*REPLACE(Лабораторні!O9, FIND(".",Лабораторні!O9),1,","), 0),"") | L9: =IF(Лабораторні!R9>0, ROUNDUP(L2*REPLACE(Лабораторні!R9, FIND(".",Лабораторні!R9),1,","), 0),"") | M9: =E9+H9 | P9: =O9+N9+M9 -> 0 | Q9: =IFERROR(CHOOSE(MATCH(P9,{60,64,75,82,90},1),"3E","3D","4C","4B","5A"),"")
A10: =Список!A10 | B10: =Список!B10 | C10: =Список!C10&" "&LEFT(Список!D10,1)&"."&LEFT(Список!E10,1)&"." | D10: =Список!I10 | E10: =IF(SUM(F10:G10)>=25,SUM(F10:G10)+10,SUM(F10:G10)) -> 0 | F10: =IF(Лекції!U18>0, (Лекції!U18/17) *15, "") | G10: =IF(Лекції!U19>0, (Лекції!U19/17) *15, "") | H10: =IF(SUM(I10:L10)>=26,SUM(I10:L10)+10,SUM(I10:L10)) -> 0 | I10: =IF(Лабораторні!E10>0, ROUNDUP(I2*REPLACE(Лабораторні!E10, FIND(".",Лабораторні!E10),1,","), 0),"") | J10: =IF(Лабораторні!L10>0, ROUNDUP(J2*REPLACE(Лабораторні!L10, FIND(".",Лабораторні!L10),1,","), 0),"") | K10: =IF(Лабораторні!O10>0, ROUNDUP(K2*REPLACE(Лабораторні!O10, FIND(".",Лабораторні!O10),1,","), 0),"") | L10: =IF(Лабораторні!R10>0, ROUNDUP(L2*REPLACE(Лабораторні!R10, FIND(".",Лабораторні!R10),1,","), 0),"") | M10: =E10+H10 | P10: =O10+N10+M10 -> 0 | Q10: =IFERROR(CHOOSE(MATCH(P10,{60,64,75,82,90},1),"3E","3D","4C","4B","5A"),"")
A11: =Список!A11 | B11: =Список!B11 | C11: =Список!C11&" "&LEFT(Список!D11,1)&"."&LEFT(Список!E11,1)&"." | D11: =Список!I11 | E11: =IF(SUM(F11:G11)>=25,SUM(F11:G11)+10,SUM(F11:G11)) -> 0 | F11: =IF(Лекції!U20>0, (Лекції!U20/17) *15, "") | G11: =IF(Лекції!U21>0, (Лекції!U21/17) *15, "") | H11: =IF(SUM(I11:L11)>=26,SUM(I11:L11)+10,SUM(I11:L11)) -> 0 | I11: =IF(Лабораторні!E11>0, ROUNDUP(I2*REPLACE(Лабораторні!E11, FIND(".",Лабораторні!E11),1,","), 0),"") | J11: =IF(Лабораторні!L11>0, ROUNDUP(J2*REPLACE(Лабораторні!L11, FIND(".",Лабораторні!L11),1,","), 0),"") | K11: =IF(Лабораторні!O11>0, ROUNDUP(K2*REPLACE(Лабораторні!O11, FIND(".",Лабораторні!O11),1,","), 0),"") | L11: =IF(Лабораторні!R11>0, ROUNDUP(L2*REPLACE(Лабораторні!R11, FIND(".",Лабораторні!R11),1,","), 0),"") | M11: =E11+H11 | P11: =O11+N11+M11 -> 0 | Q11: =IFERROR(CHOOSE(MATCH(P11,{60,64,75,82,90},1),"3E","3D","4C","4B","5A"),"")
A12: =Список!A12 | B12: =Список!B12 | C12: =Список!C12&" "&LEFT(Список!D12,1)&"."&LEFT(Список!E12,1)&"." | D12: =Список!I12 | E12: =IF(SUM(F12:G12)>=25,SUM(F12:G12)+10,SUM(F12:G12)) -> 0 | F12: =IF(Лекції!U22>0, (Лекції!U22/17) *15, "") | G12: =IF(Лекції!U23>0, (Лекції!U23/17) *15, "") | H12: =IF(SUM(I12:L12)>=26,SUM(I12:L12)+10,SUM(I12:L12)) -> 0 | I12: =IF(Лабораторні!E12>0, ROUNDUP(I2*REPLACE(Лабораторні!E12, FIND(".",Лабораторні!E12),1,","), 0),"") | J12: =IF(Лабораторні!L12>0, ROUNDUP(J2*REPLACE(Лабораторні!L12, FIND(".",Лабораторні!L12),1,","), 0),"") | K12: =IF(Лабораторні!O12>0, ROUNDUP(K2*REPLACE(Лабораторні!O12, FIND(".",Лабораторні!O12),1,","), 0),"") | L12: =IF(Лабораторні!R12>0, ROUNDUP(L2*REPLACE(Лабораторні!R12, FIND(".",Лабораторні!R12),1,","), 0),"") | M12: =E12+H12 | P12: =O12+N12+M12 -> 0 | Q12: =IFERROR(CHOOSE(MATCH(P12,{60,64,75,82,90},1),"3E","3D","4C","4B","5A"),"")
A13: =Список!A13 | B13: =Список!B13 | C13: =Список!C13&" "&LEFT(Список!D13,1)&"."&LEFT(Список!E13,1)&"." | D13: =Список!I13 | E13: =IF(SUM(F13:G13)>=25,SUM(F13:G13)+10,SUM(F13:G13)) -> 0 | F13: =IF(Лекції!U24>0, (Лекції!U24/17) *15, "") | G13: =IF(Лекції!U25>0, (Лекції!U25/17) *15, "") | H13: =IF(SUM(I13:L13)>=26,SUM(I13:L13)+10,SUM(I13:L13)) -> 0 | I13: =IF(Лабораторні!E13>0, ROUNDUP(I2*REPLACE(Лабораторні!E13, FIND(".",Лабораторні!E13),1,","), 0),"") | J13: =IF(Лабораторні!L13>0, ROUNDUP(J2*REPLACE(Лабораторні!L13, FIND(".",Лабораторні!L13),1,","), 0),"") | K13: =IF(Лабораторні!O13>0, ROUNDUP(K2*REPLACE(Лабораторні!O13, FIND(".",Лабораторні!O13),1,","), 0),"") | L13: =IF(Лабораторні!R13>0, ROUNDUP(L2*REPLACE(Лабораторні!R13, FIND(".",Лабораторні!R13),1,","), 0),"") | M13: =E13+H13 | P13: =O13+N13+M13 -> 0 | Q13: =IFERROR(CHOOSE(MATCH(P13,{60,64,75,82,90},1),"3E","3D","4C","4B","5A"),"")
A14: =Список!A14 | B14: =Список!B14 | C14: =Список!C14&" "&LEFT(Список!D14,1)&"."&LEFT(Список!E14,1)&"." | D14: =Список!I14 | E14: =IF(SUM(F14:G14)>=25,SUM(F14:G14)+10,SUM(F14:G14)) -> 0 | F14: =IF(Лекції!U26>0, (Лекції!U26/17) *15, "") | G14: =IF(Лекції!U27>0, (Лекції!U27/17) *15, "") | H14: =IF(SUM(I14:L14)>=26,SUM(I14:L14)+10,SUM(I14:L14)) -> 0 | I14: =IF(Лабораторні!E14>0, ROUNDUP(I2*REPLACE(Лабораторні!E14, FIND(".",Лабораторні!E14),1,","), 0),"") | J14: =IF(Лабораторні!L14>0, ROUNDUP(J2*REPLACE(Лабораторні!L14, FIND(".",Лабораторні!L14),1,","), 0),"") | K14: =IF(Лабораторні!O14>0, ROUNDUP(K2*REPLACE(Лабораторні!O14, FIND(".",Лабораторні!O14),1,","), 0),"") | L14: =IF(Лабораторні!R14>0, ROUNDUP(L2*REPLACE(Лабораторні!R14, FIND(".",Лабораторні!R14),1,","), 0),"") | M14: =E14+H14 | P14: =O14+N14+M14 -> 0 | Q14: =IFERROR(CHOOSE(MATCH(P14,{60,64,75,82,90},1),"3E","3D","4C","4B","5A"),"")
A15: =Список!A15 | B15: =Список!B15 | C15: =Список!C15&" "&LEFT(Список!D15,1)&"."&LEFT(Список!E15,1)&"." | D15: =Список!I15 | E15: =IF(SUM(F15:G15)>=25,SUM(F15:G15)+10,SUM(F15:G15)) -> 0 | F15: =IF(Лекції!U28>0, (Лекції!U28/17) *15, "") | G15: =IF(Лекції!U29>0, (Лекції!U29/17) *15, "") | H15: =IF(SUM(I15:L15)>=26,SUM(I15:L15)+10,SUM(I15:L15)) -> 0 | I15: =IF(Лабораторні!E15>0, ROUNDUP(I2*REPLACE(Лабораторні!E15, FIND(".",Лабораторні!E15),1,","), 0),"") | J15: =IF(Лабораторні!L15>0, ROUNDUP(J2*REPLACE(Лабораторні!L15, FIND(".",Лабораторні!L15),1,","), 0),"") | K15: =IF(Лабораторні!O15>0, ROUNDUP(K2*REPLACE(Лабораторні!O15, FIND(".",Лабораторні!O15),1,","), 0),"") | L15: =IF(Лабораторні!R15>0, ROUNDUP(L2*REPLACE(Лабораторні!R15, FIND(".",Лабораторні!R15),1,","), 0),"") | M15: =E15+H15 | P15: =O15+N15+M15 -> 0 | Q15: =IFERROR(CHOOSE(MATCH(P15,{60,64,75,82,90},1),"3E","3D","4C","4B","5A"),"")
